path,name,folder,suffix,kind,size,mtime,sha256
00.raw-materials/10.sources/images/dsp-dispatch-system-intro/DSP派工系统简介_p001.jpg,DSP派工系统简介_p001.jpg,00.raw-materials/10.sources/images/dsp-dispatch-system-intro,.jpg,图片,335568,2026-06-26T23:33:04,60712c178bca057eb814fe1fbf4c22ce1a3e40f44dc06c2acd9da78872f9a986
00.raw-materials/10.sources/images/dsp-dispatch-system-intro/DSP派工系统简介_p002.jpg,DSP派工系统简介_p002.jpg,00.raw-materials/10.sources/images/dsp-dispatch-system-intro,.jpg,图片,270031,2026-06-26T23:33:06,6f131d07e10fef510a920b21d03d571ff0141218314ff5e9d89d8dbc77efe0f0
00.raw-materials/10.sources/images/dsp-dispatch-system-intro/DSP派工系统简介_p003.jpg,DSP派工系统简介_p003.jpg,00.raw-materials/10.sources/images/dsp-dispatch-system-intro,.jpg,图片,322718,2026-06-26T23:33:09,738d5bc4125049d1208e78823738ee40faea2e3e34dc4b2729084f789c41b90b
00.raw-materials/10.sources/images/dsp-dispatch-system-intro/DSP派工系统简介_p004.jpg,DSP派工系统简介_p004.jpg,00.raw-materials/10.sources/images/dsp-dispatch-system-intro,.jpg,图片,407282,2026-06-26T23:33:11,03a3be112bf346fefba01288715beb3e4a40ad49a992f7fd3a51c3963995c248
00.raw-materials/10.sources/images/dsp-dispatch-system-intro/DSP派工系统简介_p005.jpg,DSP派工系统简介_p005.jpg,00.raw-materials/10.sources/images/dsp-dispatch-system-intro,.jpg,图片,394336,2026-06-26T23:33:13,60b7d81664f565a5e0cb51670f30df7131acca068074a5669e78fbdd133cf582
00.raw-materials/10.sources/images/dsp-dispatch-system-intro/DSP派工系统简介_p006.jpg,DSP派工系统简介_p006.jpg,00.raw-materials/10.sources/images/dsp-dispatch-system-intro,.jpg,图片,435862,2026-06-26T23:33:17,45c145755e12bf671031d059a325c99379a993a3ac9138fbb97f5d18a018b1d5
00.raw-materials/10.sources/images/dsp-dispatch-system-intro/DSP派工系统简介_p007.jpg,DSP派工系统简介_p007.jpg,00.raw-materials/10.sources/images/dsp-dispatch-system-intro,.jpg,图片,332904,2026-06-26T23:33:19,9d67565ec46671267dfb7de6258a285b1800e6d66ce4d1e97efa2fbbc32e18da
00.raw-materials/10.sources/images/dsp-dispatch-system-intro/DSP派工系统简介_p008.jpg,DSP派工系统简介_p008.jpg,00.raw-materials/10.sources/images/dsp-dispatch-system-intro,.jpg,图片,305879,2026-06-26T23:33:23,6c22478424dde054278a0c57273fbc820b0b580e8304a75b1143b88fdfc7525b
00.raw-materials/10.sources/images/dsp-dispatch-system-intro/DSP派工系统简介_p009.jpg,DSP派工系统简介_p009.jpg,00.raw-materials/10.sources/images/dsp-dispatch-system-intro,.jpg,图片,356456,2026-06-26T23:33:26,a8a07e5df7bc55d4387351b2f537c9a279899cc402ceb3c6e6e50a25aeb606a8
00.raw-materials/10.sources/images/dsp-dispatch-system-intro/DSP派工系统简介_p010.jpg,DSP派工系统简介_p010.jpg,00.raw-materials/10.sources/images/dsp-dispatch-system-intro,.jpg,图片,337885,2026-06-26T23:33:27,3d410de14c59188e10ebb1c9eca054fb2a9b62bc80457ac2db257c9b922cae00
00.raw-materials/10.sources/images/dsp-dispatch-system-intro/DSP派工系统简介_p011.jpg,DSP派工系统简介_p011.jpg,00.raw-materials/10.sources/images/dsp-dispatch-system-intro,.jpg,图片,236301,2026-06-26T23:34:36,c0dbd22a0772b51b883efcdcd05176431410c33724a1871db1cd92648ef03aa4
00.raw-materials/10.sources/images/dsp-dispatch-system-intro/DSP派工系统简介_p012.jpg,DSP派工系统简介_p012.jpg,00.raw-materials/10.sources/images/dsp-dispatch-system-intro,.jpg,图片,293728,2026-06-26T23:34:38,19b1bd5b71078d56980824c291d35dbe648aa8b42dc7c8a1d3d178ffeae42b07
00.raw-materials/10.sources/images/dsp-dispatch-system-intro/DSP派工系统简介_p013.jpg,DSP派工系统简介_p013.jpg,00.raw-materials/10.sources/images/dsp-dispatch-system-intro,.jpg,图片,388432,2026-06-26T23:34:40,7a8953a5ecee128b1c046af2b113cc773ae1e7886fe5067a5d5c3211b6ef4bde
00.raw-materials/10.sources/images/dsp-dispatch-system-intro/DSP派工系统简介_p014.jpg,DSP派工系统简介_p014.jpg,00.raw-materials/10.sources/images/dsp-dispatch-system-intro,.jpg,图片,410288,2026-06-26T23:34:41,d2c81f4d0602c3d01812e05fb2d324ea07c3633349c2e99f414d6c935bc02313
00.raw-materials/10.sources/images/dsp-dispatch-system-intro/DSP派工系统简介_p015.jpg,DSP派工系统简介_p015.jpg,00.raw-materials/10.sources/images/dsp-dispatch-system-intro,.jpg,图片,258143,2026-06-26T23:35:11,0a0f4e43898c8af2b1175fbc0f02f0bc6c24660757327b48d81d32583bca1bb1
00.raw-materials/10.sources/images/dsp-dispatch-system-intro/DSP派工系统简介_p016.jpg,DSP派工系统简介_p016.jpg,00.raw-materials/10.sources/images/dsp-dispatch-system-intro,.jpg,图片,390107,2026-06-26T23:35:13,671f99d4e485571f7b94dc557c2a0aa6b972999b49f8516357a5eaac5cd6d0df
00.raw-materials/10.sources/images/dsp-dispatch-system-intro/DSP派工系统简介_p017.jpg,DSP派工系统简介_p017.jpg,00.raw-materials/10.sources/images/dsp-dispatch-system-intro,.jpg,图片,416644,2026-06-26T23:35:15,5b3237be1a15d4e7033cd04541197f4ab5c5574e5a9ca47a207af8c5c9ba0157
00.raw-materials/10.sources/images/dsp-dispatch-system-intro/DSP派工系统简介_p018.jpg,DSP派工系统简介_p018.jpg,00.raw-materials/10.sources/images/dsp-dispatch-system-intro,.jpg,图片,424540,2026-06-26T23:35:16,39e8b787127b47bde57c847d0e638237c4f7feb6bac029f68aefc2815f81659e
00.raw-materials/10.sources/images/dsp-dispatch-system-intro/DSP派工系统简介_p019.jpg,DSP派工系统简介_p019.jpg,00.raw-materials/10.sources/images/dsp-dispatch-system-intro,.jpg,图片,366445,2026-06-26T23:35:18,65a3f706a16e5f95898e4126019baa45fbfcf12fb9753d1fd8507e1e7f70b410
00.raw-materials/10.sources/images/dsp-dispatch-system-intro/DSP派工系统简介_p020.jpg,DSP派工系统简介_p020.jpg,00.raw-materials/10.sources/images/dsp-dispatch-system-intro,.jpg,图片,344260,2026-06-26T23:35:20,9d211bf5b2bc8d7eb2bd41758d8debb6f20b542d6d01eb7b4eb0876c4da68224
00.raw-materials/10.sources/images/dsp-dispatch-system-intro/DSP派工系统简介_p021.jpg,DSP派工系统简介_p021.jpg,00.raw-materials/10.sources/images/dsp-dispatch-system-intro,.jpg,图片,314151,2026-06-26T23:35:21,2f8757af59f615be52ed2d8eb6dc457d777878457c3d8c78d43943a96f6d4ea4
00.raw-materials/10.sources/images/dsp-dispatch-system-intro/DSP派工系统简介_p022.jpg,DSP派工系统简介_p022.jpg,00.raw-materials/10.sources/images/dsp-dispatch-system-intro,.jpg,图片,365353,2026-06-26T23:35:23,36f814a50d9070a3e00cf436107b668c9018e0c8e8f279a91b45f34b90b7d16e
00.raw-materials/10.sources/images/dsp-dispatch-system-intro/DSP派工系统简介_p023.jpg,DSP派工系统简介_p023.jpg,00.raw-materials/10.sources/images/dsp-dispatch-system-intro,.jpg,图片,350746,2026-06-26T23:35:24,42c7b646cad1900e32dea9fd754618d390b31af32c7b26b176e43e9a3a74d649
00.raw-materials/10.sources/images/dsp-dispatch-system-intro/DSP派工系统简介_p024.jpg,DSP派工系统简介_p024.jpg,00.raw-materials/10.sources/images/dsp-dispatch-system-intro,.jpg,图片,364063,2026-06-26T23:35:27,f054047cbaaf5f15b68fc8e9e6fbe7097976732c17b3c020f37031318c6b74c5
00.raw-materials/10.sources/images/dsp-dispatch-system-intro/DSP派工系统简介_p025.jpg,DSP派工系统简介_p025.jpg,00.raw-materials/10.sources/images/dsp-dispatch-system-intro,.jpg,图片,234259,2026-06-26T23:35:28,de3d19dac552588536c158809e31876a8d4ac336b0182292d2b6c66f7b4755f7
00.raw-materials/10.sources/images/dsp-dispatch-system-intro/DSP派工系统简介_p026.jpg,DSP派工系统简介_p026.jpg,00.raw-materials/10.sources/images/dsp-dispatch-system-intro,.jpg,图片,254712,2026-06-26T23:36:37,49071746a2564a00313648876ed296de7fa3ec8d6833f184f51daec9dfa2edf6
00.raw-materials/10.sources/images/dsp-dispatch-system-intro/DSP派工系统简介_p027.jpg,DSP派工系统简介_p027.jpg,00.raw-materials/10.sources/images/dsp-dispatch-system-intro,.jpg,图片,360466,2026-06-26T23:36:39,7281d13c7ec11c748c00ced9d939f3842ce78b64886e36819ce63f6ccd701871
00.raw-materials/10.sources/images/dsp-dispatch-system-intro/DSP派工系统简介_p028.jpg,DSP派工系统简介_p028.jpg,00.raw-materials/10.sources/images/dsp-dispatch-system-intro,.jpg,图片,355233,2026-06-26T23:36:40,878153d50c2599071b8b60bcb08afacd4b7cbef72382c89c826a932aa3427aaa
00.raw-materials/10.sources/images/dsp-dispatch-system-intro/DSP派工系统简介_p029.jpg,DSP派工系统简介_p029.jpg,00.raw-materials/10.sources/images/dsp-dispatch-system-intro,.jpg,图片,338209,2026-06-26T23:36:44,dd99bc495fe109f76e08de9ca557737171234ab24af2dc810859e5c53a426961
00.raw-materials/10.sources/images/dsp-dispatch-system-intro/DSP派工系统简介_p030.jpg,DSP派工系统简介_p030.jpg,00.raw-materials/10.sources/images/dsp-dispatch-system-intro,.jpg,图片,356138,2026-06-26T23:36:46,df5d6ccd47d05b0336bc0db85a193004286213bb272e85967244d302182fcab3
00.raw-materials/10.sources/images/dsp-dispatch-system-intro/DSP派工系统简介_p031.jpg,DSP派工系统简介_p031.jpg,00.raw-materials/10.sources/images/dsp-dispatch-system-intro,.jpg,图片,393823,2026-06-26T23:36:49,95b3cb67e0b60da8ab3890ae3023f01e4dc0585e54819251655836b5115214a9
00.raw-materials/10.sources/images/dsp-dispatch-system-intro/DSP派工系统简介_p032.jpg,DSP派工系统简介_p032.jpg,00.raw-materials/10.sources/images/dsp-dispatch-system-intro,.jpg,图片,368432,2026-06-26T23:36:50,b45db2fad4e7ddaacec0ef42ef45b2205380319f6e5b57f90b63065a75c4ee69
00.raw-materials/10.sources/images/dsp-dispatch-system-intro/DSP派工系统简介_p033.jpg,DSP派工系统简介_p033.jpg,00.raw-materials/10.sources/images/dsp-dispatch-system-intro,.jpg,图片,300273,2026-06-26T23:36:52,aa5988340bc4bb860abcd7694a1e08e68de22e72c113f584bc8dff5689f1249b
00.raw-materials/10.sources/images/dsp-dispatch-system-intro/DSP派工系统简介_p034.jpg,DSP派工系统简介_p034.jpg,00.raw-materials/10.sources/images/dsp-dispatch-system-intro,.jpg,图片,282483,2026-06-26T23:37:48,d5bada1ab8f75de7339b469abc898bb3f1636dac5e8c2dde4efc1d04403d2543
00.raw-materials/10.sources/images/dsp-dispatch-system-intro/DSP派工系统简介_p035.jpg,DSP派工系统简介_p035.jpg,00.raw-materials/10.sources/images/dsp-dispatch-system-intro,.jpg,图片,384664,2026-06-26T23:37:51,3ae161d34fbe20d3ba13b72cc05f210d92c41f5e58f6ad532459c424a691ffea
00.raw-materials/10.sources/images/dsp-dispatch-system-intro/DSP派工系统简介_p036.jpg,DSP派工系统简介_p036.jpg,00.raw-materials/10.sources/images/dsp-dispatch-system-intro,.jpg,图片,386231,2026-06-26T23:37:50,a6bbf6f6e6ccd706c057dfd95f3906198f300ded4b59edc66ac6d4e97a3b9d5c
00.raw-materials/10.sources/images/dsp-dispatch-system-intro/DSP派工系统简介_p037.jpg,DSP派工系统简介_p037.jpg,00.raw-materials/10.sources/images/dsp-dispatch-system-intro,.jpg,图片,379303,2026-06-26T23:37:54,f69754788a23d643d4bbb3f9461eee1cede4122b2400f0d810e94f5cd01ebfa1
00.raw-materials/10.sources/images/dsp-dispatch-system-intro/DSP派工系统简介_p038.jpg,DSP派工系统简介_p038.jpg,00.raw-materials/10.sources/images/dsp-dispatch-system-intro,.jpg,图片,364199,2026-06-26T23:37:58,6661ee8eeab0927716645b6cc1aa61951992dace69bb883590eccd7129ea9c87
00.raw-materials/10.sources/images/dsp-dispatch-system-intro/DSP派工系统简介_p039.jpg,DSP派工系统简介_p039.jpg,00.raw-materials/10.sources/images/dsp-dispatch-system-intro,.jpg,图片,382976,2026-06-26T23:38:00,952c4b2b5d0621d1ab697097c3173f9f42010a09b53078b70d0b6221b7aad375
00.raw-materials/10.sources/images/dsp-dispatch-system-intro/DSP派工系统简介_p040.jpg,DSP派工系统简介_p040.jpg,00.raw-materials/10.sources/images/dsp-dispatch-system-intro,.jpg,图片,372697,2026-06-26T23:38:02,28fca62ce27d86e74085cc83a9f17b95e1e8185f55736b8fe395ace970cac1d0
00.raw-materials/10.sources/images/dsp-dispatch-system-intro/DSP派工系统简介_p041.jpg,DSP派工系统简介_p041.jpg,00.raw-materials/10.sources/images/dsp-dispatch-system-intro,.jpg,图片,386398,2026-06-26T23:38:04,a56593e58fd4d652dd239952d0f9a746fae061e87ad76e87ef9cbb95ad811185
00.raw-materials/10.sources/images/dsp-dispatch-system-intro/DSP派工系统简介_p042.jpg,DSP派工系统简介_p042.jpg,00.raw-materials/10.sources/images/dsp-dispatch-system-intro,.jpg,图片,423436,2026-06-26T23:38:07,4ee6019dbcd4490f1307c8fd8f10226ba3141ff51daabca917c6d86ed1cf9f35
00.raw-materials/10.sources/images/dsp-dispatch-system-intro/DSP派工系统简介_p043.jpg,DSP派工系统简介_p043.jpg,00.raw-materials/10.sources/images/dsp-dispatch-system-intro,.jpg,图片,370641,2026-06-26T23:38:09,a26e67fdb4984a50ae1b864ba09c3d8100035d9f1f37406f6a606ea491c84a06
00.raw-materials/10.sources/images/dsp-dispatch-system-intro/DSP派工系统简介_p044.jpg,DSP派工系统简介_p044.jpg,00.raw-materials/10.sources/images/dsp-dispatch-system-intro,.jpg,图片,362700,2026-06-26T23:38:11,eded2fe98cafd6d8ac8f786dcb915c4bc63f54f390500282b05811afeb555f2d
00.raw-materials/10.sources/images/dsp-dispatch-system-intro/DSP派工系统简介_p045.jpg,DSP派工系统简介_p045.jpg,00.raw-materials/10.sources/images/dsp-dispatch-system-intro,.jpg,图片,380918,2026-06-26T23:38:13,d1e23fbf6831be8cf60c54ed5acfce6e881d9a621abb8348d352abe970d0da82
00.raw-materials/10.sources/images/dsp-dispatch-system-intro/DSP派工系统简介_p046.jpg,DSP派工系统简介_p046.jpg,00.raw-materials/10.sources/images/dsp-dispatch-system-intro,.jpg,图片,385845,2026-06-26T23:38:14,c9ecb6e5d4fda8245ac5f39da451f7037d5f0564e7cc9e5aaa6850cdd508350e
00.raw-materials/10.sources/images/dsp-dispatch-system-intro/DSP派工系统简介_p047.jpg,DSP派工系统简介_p047.jpg,00.raw-materials/10.sources/images/dsp-dispatch-system-intro,.jpg,图片,287980,2026-06-26T23:38:16,4c169126f68f6888222ba91407655a8238eb073dfe338bf926b24c95c0cbc0b7
00.raw-materials/10.sources/images/dsp-dispatch-system-intro/DSP派工系统简介_p048.jpg,DSP派工系统简介_p048.jpg,00.raw-materials/10.sources/images/dsp-dispatch-system-intro,.jpg,图片,189276,2026-06-26T23:38:19,7f7d2bebde1301ad2519793a2674039115c6425b56a7e88f0d1433c9f8474990
00.raw-materials/10.sources/images/dsp-dispatch-system-intro/DSP派工系统简介_p049.jpg,DSP派工系统简介_p049.jpg,00.raw-materials/10.sources/images/dsp-dispatch-system-intro,.jpg,图片,345837,2026-06-26T23:38:22,4640af186f91c5a60d4c826f68f36686629e8bb816f7ec929db03ede19c492de
00.raw-materials/10.sources/images/dsp-dispatch-system-intro/DSP派工系统简介_p050.jpg,DSP派工系统简介_p050.jpg,00.raw-materials/10.sources/images/dsp-dispatch-system-intro,.jpg,图片,399112,2026-06-26T23:38:25,2ec1232b4f6fb9612d5c052bd5516ef9bc997b7617f39ac96d9bcbcbe5afd218
00.raw-materials/10.sources/images/dsp-dispatch-system-intro/DSP派工系统简介_p051.jpg,DSP派工系统简介_p051.jpg,00.raw-materials/10.sources/images/dsp-dispatch-system-intro,.jpg,图片,385774,2026-06-26T23:39:57,bf0ccbdde1805e5fb79d0fb5b9081908c9c5d9e6880bd680e20c29ae1d97afd5
00.raw-materials/10.sources/images/dsp-dispatch-system-intro/DSP派工系统简介_p052.jpg,DSP派工系统简介_p052.jpg,00.raw-materials/10.sources/images/dsp-dispatch-system-intro,.jpg,图片,357748,2026-06-26T23:40:01,f425aaae1a27d6f8ca56ca6d5e3ab582b24108fff478261d4aa5744fb4eb3d64
00.raw-materials/10.sources/images/dsp-dispatch-system-intro/DSP派工系统简介_p053.jpg,DSP派工系统简介_p053.jpg,00.raw-materials/10.sources/images/dsp-dispatch-system-intro,.jpg,图片,364903,2026-06-26T23:40:03,ad163e60a683cc6b11f7a9ded970da778633e36a9bd12dda6d2520c0c3483e01
00.raw-materials/10.sources/images/dsp-dispatch-system-intro/DSP派工系统简介_p054.jpg,DSP派工系统简介_p054.jpg,00.raw-materials/10.sources/images/dsp-dispatch-system-intro,.jpg,图片,463608,2026-06-26T23:40:04,39321c84cc9785f99f5cfb0d874841cef1c4603bfc285c25aee8e4861e4c3762
00.raw-materials/10.sources/images/dsp-dispatch-system-intro/DSP派工系统简介_p055.jpg,DSP派工系统简介_p055.jpg,00.raw-materials/10.sources/images/dsp-dispatch-system-intro,.jpg,图片,292360,2026-06-26T23:40:08,b0599c8ea353db457bb1d3c04b32cf89deaa4d86c92d49aa1a901d497b53c46e
00.raw-materials/10.sources/images/dsp-dispatch-system-intro/DSP派工系统简介_p056.jpg,DSP派工系统简介_p056.jpg,00.raw-materials/10.sources/images/dsp-dispatch-system-intro,.jpg,图片,388615,2026-06-26T23:40:09,b1b744f8a99f11e1e6b599fc74a7eff9ad7846e05fe82bfc8970f3e167377a15
00.raw-materials/10.sources/images/dsp-dispatch-system-intro/DSP派工系统简介_p057.jpg,DSP派工系统简介_p057.jpg,00.raw-materials/10.sources/images/dsp-dispatch-system-intro,.jpg,图片,370084,2026-06-26T23:40:11,400762f65097b1af01f72dfb6297ac15c6c81a214bc200f5622a897b46c5ce3a
00.raw-materials/10.sources/images/dsp-dispatch-system-intro/DSP派工系统简介_p058.jpg,DSP派工系统简介_p058.jpg,00.raw-materials/10.sources/images/dsp-dispatch-system-intro,.jpg,图片,370353,2026-06-26T23:41:08,6c68b82886ee70fdc8a4e6b0e35ba51a9316cf413a818903c6229189ef176afa
00.raw-materials/10.sources/images/dsp-dispatch-system-intro/DSP派工系统简介_p059.jpg,DSP派工系统简介_p059.jpg,00.raw-materials/10.sources/images/dsp-dispatch-system-intro,.jpg,图片,348795,2026-06-26T23:41:10,cb45fd7ebdf7b83498157a35992bb76dc08240d49d3a459ee8192a6535d898a0
00.raw-materials/10.sources/images/dsp-dispatch-system-intro/DSP派工系统简介_p060.jpg,DSP派工系统简介_p060.jpg,00.raw-materials/10.sources/images/dsp-dispatch-system-intro,.jpg,图片,352531,2026-06-26T23:41:12,dafc9cb51d3a9f39be5278c5bbfcd1f75272a61de1d7b3b68088761ea0461755
00.raw-materials/10.sources/images/dsp-dispatch-system-intro/DSP派工系统简介_p061.jpg,DSP派工系统简介_p061.jpg,00.raw-materials/10.sources/images/dsp-dispatch-system-intro,.jpg,图片,386602,2026-06-26T23:41:13,02f358db91a9d9bff251cde0c2eb8db407a767ad334967476b6303dd6a348950
00.raw-materials/10.sources/images/dsp-dispatch-system-intro/DSP派工系统简介_p062.jpg,DSP派工系统简介_p062.jpg,00.raw-materials/10.sources/images/dsp-dispatch-system-intro,.jpg,图片,396036,2026-06-26T23:41:14,de358677398c320ab3f63854fd10e21f75cdfc82ba96fabe65408ffa02e2871c
00.raw-materials/10.sources/images/dsp-dispatch-system-intro/DSP派工系统简介_p063.jpg,DSP派工系统简介_p063.jpg,00.raw-materials/10.sources/images/dsp-dispatch-system-intro,.jpg,图片,396154,2026-06-26T23:41:16,b2076471448566679a0448cdd0a4e8bf1868f09d74014b7b5f90ea317d878d88
00.raw-materials/10.sources/images/dsp-dispatch-system-intro/DSP派工系统简介_p064.jpg,DSP派工系统简介_p064.jpg,00.raw-materials/10.sources/images/dsp-dispatch-system-intro,.jpg,图片,408164,2026-06-26T23:41:17,0ad99b412fe4c2c9732a05769f903ac2bbc2e0f93450f27621fca71b69d30222
00.raw-materials/10.sources/images/dsp-dispatch-system-intro/DSP派工系统简介_p065.jpg,DSP派工系统简介_p065.jpg,00.raw-materials/10.sources/images/dsp-dispatch-system-intro,.jpg,图片,329543,2026-06-26T23:41:19,3fcd31854143828cf4f292c161eadb4301c20c47d1a8a7b21fe00bc74d621120
00.raw-materials/10.sources/images/dsp-dispatch-system-intro/DSP派工系统简介_p066.jpg,DSP派工系统简介_p066.jpg,00.raw-materials/10.sources/images/dsp-dispatch-system-intro,.jpg,图片,387722,2026-06-26T23:41:20,303ce37ab50efc176b1272dabacb22255c6650651c7688620c2a63566f5748e1
00.raw-materials/10.sources/images/dsp-dispatch-system-intro/DSP派工系统简介_p067.jpg,DSP派工系统简介_p067.jpg,00.raw-materials/10.sources/images/dsp-dispatch-system-intro,.jpg,图片,392169,2026-06-26T23:41:21,d3b5df6d8bfe1c6e36021f213bf29056704649a702d93277f530faa55aa2a8c9
00.raw-materials/10.sources/images/dsp-dispatch-system-intro/DSP派工系统简介_p068.jpg,DSP派工系统简介_p068.jpg,00.raw-materials/10.sources/images/dsp-dispatch-system-intro,.jpg,图片,335495,2026-06-26T23:41:23,904d481ea23e451de75e9b960eabe97065bbd0ff877c4b23a82b6a83ea92fdf0
00.raw-materials/10.sources/images/dsp-dispatch-system-intro/DSP派工系统简介_p069.jpg,DSP派工系统简介_p069.jpg,00.raw-materials/10.sources/images/dsp-dispatch-system-intro,.jpg,图片,368175,2026-06-26T23:41:24,308a015435c4b58b103777664483423b6340517e2bd935cd881eea81fcb2c184
00.raw-materials/10.sources/images/dsp-dispatch-system-intro/DSP派工系统简介_p070.jpg,DSP派工系统简介_p070.jpg,00.raw-materials/10.sources/images/dsp-dispatch-system-intro,.jpg,图片,320831,2026-06-26T23:41:26,481d7c9b0d1268b0280de197eae4665f349efa85d7d606110c58c2946f483144
00.raw-materials/10.sources/images/dsp-dispatch-system-intro/DSP派工系统简介_p071.jpg,DSP派工系统简介_p071.jpg,00.raw-materials/10.sources/images/dsp-dispatch-system-intro,.jpg,图片,345584,2026-06-26T23:41:27,9bfb34b188f0748532c7b0171562fbc32419853b57b34a79095281888f271df5
00.raw-materials/10.sources/images/dsp-dispatch-system-intro/DSP派工系统简介_p072.jpg,DSP派工系统简介_p072.jpg,00.raw-materials/10.sources/images/dsp-dispatch-system-intro,.jpg,图片,361511,2026-06-26T23:41:28,a55546944b0667688847dbb16147df904c09bcbcc7256288235367664a758033
00.raw-materials/10.sources/images/dsp-dispatch-system-intro/DSP派工系统简介_p073.jpg,DSP派工系统简介_p073.jpg,00.raw-materials/10.sources/images/dsp-dispatch-system-intro,.jpg,图片,298349,2026-06-26T23:41:30,6ddd6e6ee9a6b4c98eea101276c092584f143cc79da28c976b2ee8dc33e870a0
00.raw-materials/10.sources/images/dsp-dispatch-system-intro/DSP派工系统简介_p074.jpg,DSP派工系统简介_p074.jpg,00.raw-materials/10.sources/images/dsp-dispatch-system-intro,.jpg,图片,365085,2026-06-26T23:41:32,573357250aaef8d3c61b8d9d04f2300a006734ac4452ffc7bd30db0b82772dbb
00.raw-materials/10.sources/images/dsp-dispatch-system-intro/DSP派工系统简介_p075.jpg,DSP派工系统简介_p075.jpg,00.raw-materials/10.sources/images/dsp-dispatch-system-intro,.jpg,图片,392317,2026-06-26T23:41:33,541f67ee890ff20e01d1d5d9d53ee6c3f9a51b4cdd3b1c4a9f21da75f3fe1043
00.raw-materials/10.sources/images/dsp-dispatch-system-intro/DSP派工系统简介_p076.jpg,DSP派工系统简介_p076.jpg,00.raw-materials/10.sources/images/dsp-dispatch-system-intro,.jpg,图片,373127,2026-06-26T23:41:34,d0d171a7931b43ad046d611982d93d22410f2b952dd1e81d3dee8d5d8806899f
00.raw-materials/10.sources/images/dsp-dispatch-system-intro/DSP派工系统简介_p077.jpg,DSP派工系统简介_p077.jpg,00.raw-materials/10.sources/images/dsp-dispatch-system-intro,.jpg,图片,329078,2026-06-26T23:41:35,f4d440f21e66b050334a36ed46929bc13d57473325aaacb056b85904ca8ee452
00.raw-materials/10.sources/images/dsp-dispatch-system-intro/DSP派工系统简介_p078.jpg,DSP派工系统简介_p078.jpg,00.raw-materials/10.sources/images/dsp-dispatch-system-intro,.jpg,图片,397688,2026-06-26T23:41:37,732952072b15e05bd7dd4e42d8f88cb2f66d72f8366864315fcbb38d1a319043
00.raw-materials/10.sources/images/dsp-dispatch-system-intro/DSP派工系统简介_p079.jpg,DSP派工系统简介_p079.jpg,00.raw-materials/10.sources/images/dsp-dispatch-system-intro,.jpg,图片,309715,2026-06-26T23:41:42,515c73e4c24480fd054b59a17039f0f88c6fa9d449756b79d48de8a39be3a797
00.raw-materials/10.sources/images/dsp-dispatch-system-intro/DSP派工系统简介_p080.jpg,DSP派工系统简介_p080.jpg,00.raw-materials/10.sources/images/dsp-dispatch-system-intro,.jpg,图片,295818,2026-06-26T23:41:43,5b7f026a695591e24acd572e027c673afdf5a3117cc571fd61da1989fdcfdffb
00.raw-materials/10.sources/images/dsp-dispatch-system-intro/DSP派工系统简介_p081.jpg,DSP派工系统简介_p081.jpg,00.raw-materials/10.sources/images/dsp-dispatch-system-intro,.jpg,图片,376639,2026-06-26T23:41:45,aa95705a8da7ecdf7757ef758fb78fd363a907b22d748bea3ab4180b64887232
00.raw-materials/10.sources/images/dsp-dispatch-system-intro/DSP派工系统简介_p082.jpg,DSP派工系统简介_p082.jpg,00.raw-materials/10.sources/images/dsp-dispatch-system-intro,.jpg,图片,358897,2026-06-26T23:41:46,bdc7d3552bb3202b8789fe20ed6e51786136dacaca976a10a73dc917fe40c0ba
00.raw-materials/10.sources/images/dsp-dispatch-system-intro/DSP派工系统简介_p083.jpg,DSP派工系统简介_p083.jpg,00.raw-materials/10.sources/images/dsp-dispatch-system-intro,.jpg,图片,275057,2026-06-26T23:41:47,713d29339d6abcdfdc7cec0eda0915abf7a2d76df1a75659aaaf5a2d8ef1fa99
00.raw-materials/10.sources/images/dsp-dispatch-system-intro/DSP派工系统简介_p084.jpg,DSP派工系统简介_p084.jpg,00.raw-materials/10.sources/images/dsp-dispatch-system-intro,.jpg,图片,300576,2026-06-26T23:41:48,b4e229bcc866f17d418e04b862154b7a6962fd1bf8ec465d1db921069f0bb693
00.raw-materials/10.sources/images/dsp-dispatch-system-intro/DSP派工系统简介_p085.jpg,DSP派工系统简介_p085.jpg,00.raw-materials/10.sources/images/dsp-dispatch-system-intro,.jpg,图片,347280,2026-06-26T23:41:50,5dabdccd32a5dc9f3fef8cf1c99a2279e7ee67c20bb1fde49d72239948744663
00.raw-materials/10.sources/images/dsp-dispatch-system-intro/DSP派工系统简介_p086.jpg,DSP派工系统简介_p086.jpg,00.raw-materials/10.sources/images/dsp-dispatch-system-intro,.jpg,图片,366360,2026-06-26T23:41:51,2e827e77dbfe168e0e27d061aa9ba874ed52f8d8c87696f63ddadae7b96eb350
00.raw-materials/10.sources/images/dsp-dispatch-system-intro/DSP派工系统简介_p087.jpg,DSP派工系统简介_p087.jpg,00.raw-materials/10.sources/images/dsp-dispatch-system-intro,.jpg,图片,356121,2026-06-26T23:41:53,1cb22ae4a3ef0ec46cb3303993cd269535362d1e69e76a55daf342e75c2bd525
00.raw-materials/10.sources/images/dsp-dispatch-system-intro/DSP派工系统简介_p088.jpg,DSP派工系统简介_p088.jpg,00.raw-materials/10.sources/images/dsp-dispatch-system-intro,.jpg,图片,365867,2026-06-26T23:41:54,ee62a4c23ca975b4b70afb93a72da1d8f8bd8de72628805d84c664a249523b7d
00.raw-materials/10.sources/images/dsp-dispatch-system-intro/DSP派工系统简介_p089.jpg,DSP派工系统简介_p089.jpg,00.raw-materials/10.sources/images/dsp-dispatch-system-intro,.jpg,图片,350346,2026-06-26T23:41:55,54c72c89cff5ed81c9b784062a99aeffe3dd348d3d589d6afa067aa66d0d96a3
00.raw-materials/10.sources/images/dsp-dispatch-system-intro/DSP派工系统简介_p090.jpg,DSP派工系统简介_p090.jpg,00.raw-materials/10.sources/images/dsp-dispatch-system-intro,.jpg,图片,365406,2026-06-26T23:41:57,9817da58a5158112b7a51faf53de3e3fc7f65ab86dd2c509e6866f38fa4fbf51
00.raw-materials/10.sources/images/dsp-dispatch-system-intro/DSP派工系统简介_p091.jpg,DSP派工系统简介_p091.jpg,00.raw-materials/10.sources/images/dsp-dispatch-system-intro,.jpg,图片,348785,2026-06-26T23:41:58,86e2468b4535d92a990b7b581e8626642a8a00c1a9a8a5f753ce1d1ffdb8538f
00.raw-materials/10.sources/images/PM_Control/PM管控1.jpg,PM管控1.jpg,00.raw-materials/10.sources/images/PM_Control,.jpg,图片,332859,2026-06-28T19:12:39,1adffe868f957ddc57bb69e899c6ff99774a3f2ce23d78d6cb5df1180ef5a5bf
00.raw-materials/10.sources/images/PM_Control/PM管控2.jpg,PM管控2.jpg,00.raw-materials/10.sources/images/PM_Control,.jpg,图片,398488,2026-06-28T19:12:41,61a7c2206eeeda38b18f75ba7fc052c60a7c8b49e4f5353e7518cb7ff7b95efb
00.raw-materials/10.sources/images/PM_Control/PM管控3.jpg,PM管控3.jpg,00.raw-materials/10.sources/images/PM_Control,.jpg,图片,372578,2026-06-28T19:12:43,86bba0901ab7d2ec784d399f2634c069646c229f0c55ffa3c356d6bf82d0e7da
00.raw-materials/10.sources/images/PM_Control/PM管控4.jpg,PM管控4.jpg,00.raw-materials/10.sources/images/PM_Control,.jpg,图片,373438,2026-06-28T19:12:45,049fce8053d546886f605c5bf177c1b3acdc5967464e219e15fd9f85bcf33d79
00.raw-materials/10.sources/images/PM_Control/Prefer考量PM管控1.jpg,Prefer考量PM管控1.jpg,00.raw-materials/10.sources/images/PM_Control,.jpg,图片,307801,2026-06-28T19:11:41,ac4b18c6685dcc65978f4c1baf00a0807a610ec558a0aab9039129163d943c38
00.raw-materials/10.sources/images/PM_Control/Prefer考量PM管控2.jpg,Prefer考量PM管控2.jpg,00.raw-materials/10.sources/images/PM_Control,.jpg,图片,326607,2026-06-28T19:11:45,534b27e56af6a76c0c96f89fad91ac53a7dfa4c1435676245cdf2be27cec06df
00.raw-materials/10.sources/images/PM_Control/STNPMTimeControl内容示例.jpg,STNPMTimeControl内容示例.jpg,00.raw-materials/10.sources/images/PM_Control,.jpg,图片,935623,2026-06-28T19:14:21,743e11ab6f90b33e029745de78abee68783789701fbf5209489554c2951d7756
00.raw-materials/10.sources/images/Qsort/1.jpg,1.jpg,00.raw-materials/10.sources/images/Qsort,.jpg,图片,198451,2026-06-28T19:10:56,515936ce70b06506fe0c90d12f080a9083927c2b3bda6f6481be6b59c37817d3
00.raw-materials/10.sources/images/Qsort/2.jpg,2.jpg,00.raw-materials/10.sources/images/Qsort,.jpg,图片,265314,2026-06-28T19:10:59,a3469bd8c8e5b804dc6d86638f3ef1caeeb19905bf1ecfb7ca1cea80d59b96b7
00.raw-materials/10.sources/images/Qsort/3.jpg,3.jpg,00.raw-materials/10.sources/images/Qsort,.jpg,图片,289268,2026-06-28T19:11:01,ccbc5f637a8be2cff62b4dfff656c5c8161a916cf639524a5b6370be0cc3cd1b
00.raw-materials/10.sources/images/Qsort/4.jpg,4.jpg,00.raw-materials/10.sources/images/Qsort,.jpg,图片,228692,2026-06-28T19:11:03,31c16b525ea3ed9f4767b51fddd3535e8a897d684c055a8dbf8720fcc14fae95
00.raw-materials/10.sources/images/TestCase_SOP/TestCase示例/case1.jpg,case1.jpg,00.raw-materials/10.sources/images/TestCase_SOP/TestCase示例,.jpg,图片,169085,2026-06-28T19:19:30,ca1c34727adad179ad3a3dc5095e8eeb607e5332b00b92a9c6db566a54af31f0
00.raw-materials/10.sources/images/TestCase_SOP/TestCase示例/case2.jpg,case2.jpg,00.raw-materials/10.sources/images/TestCase_SOP/TestCase示例,.jpg,图片,514640,2026-06-28T19:19:38,6b45effe4b3719608b6fcfcd01019c67e3f360c82259668f2d5c5ba0a10ba048
00.raw-materials/10.sources/images/TestCase_SOP/TestCase示例/case3.jpg,case3.jpg,00.raw-materials/10.sources/images/TestCase_SOP/TestCase示例,.jpg,图片,404563,2026-06-28T19:19:40,546b9ca0d08640d397e576402ce41ffd19e7f7d339690fa0d6512527349c690e
00.raw-materials/10.sources/images/TestCase_SOP/TestCase示例/case4.jpg,case4.jpg,00.raw-materials/10.sources/images/TestCase_SOP/TestCase示例,.jpg,图片,409759,2026-06-28T19:19:44,9132b50111936c085ced25394f7711801a43ac49eb3092de39ad3f867524299a
00.raw-materials/10.sources/images/TestCase_SOP/TestCase示例/case5.jpg,case5.jpg,00.raw-materials/10.sources/images/TestCase_SOP/TestCase示例,.jpg,图片,517748,2026-06-28T19:19:46,1e3c7b83672e64a58ffeaaefd8f7f6c46b647f8fdf039211aab0939932e8ff2e
00.raw-materials/10.sources/images/TestCase_SOP/TestCase要求/1.jpg,1.jpg,00.raw-materials/10.sources/images/TestCase_SOP/TestCase要求,.jpg,图片,239858,2026-06-28T19:19:08,373114878637d198171c8a6a0a405afa3cc18706f772f44eedfdbc29abc71b32
00.raw-materials/10.sources/images/TestCase_SOP/TestCase要求/2.jpg,2.jpg,00.raw-materials/10.sources/images/TestCase_SOP/TestCase要求,.jpg,图片,386127,2026-06-28T19:19:13,23dc072cf91431fd452d0f78f03e7ff7653ca3f8abe85277ddf42958deec9176
00.raw-materials/10.sources/images/WaferBalance/表1.jpg,表1.jpg,00.raw-materials/10.sources/images/WaferBalance,.jpg,图片,462846,2026-06-27T00:49:05,931a33d6de552da00806f95813396d54d6bd3e0a793a047980ab36db71146fd9
00.raw-materials/10.sources/images/WaferBalance/需求单1.jpg,需求单1.jpg,00.raw-materials/10.sources/images/WaferBalance,.jpg,图片,300677,2026-06-27T00:49:00,81414f3586763c84df05625be74c08dc5eaf9574fa5c92babb1e720fe7b46662
00.raw-materials/10.sources/images/WaferBalance/需求单2.jpg,需求单2.jpg,00.raw-materials/10.sources/images/WaferBalance,.jpg,图片,344518,2026-06-27T00:49:02,52717d14852c3691e7a9119806915d522576c13a0eb7b7539d87135e6f0fcdb1
00.raw-materials/10.sources/images/WPHLoss/1.jpg,1.jpg,00.raw-materials/10.sources/images/WPHLoss,.jpg,图片,232979,2026-06-28T19:10:21,70d8a8e3d655f30d12646a0f20e3f875e776fdfdfe0f7373ec4f76d4fc5e6b3c
00.raw-materials/10.sources/images/WPHLoss/2.jpg,2.jpg,00.raw-materials/10.sources/images/WPHLoss,.jpg,图片,374283,2026-06-28T19:10:24,92e3e85d31121f147a37a44c2d7827d4205e1f7ba3bc2db9445ffb9702c59657
00.raw-materials/10.sources/images/WPHLoss/3.jpg,3.jpg,00.raw-materials/10.sources/images/WPHLoss,.jpg,图片,360223,2026-06-28T19:10:29,c12f20a29e0a2dc6d95465396b79bedbdfcfd4cbb9987c16aacf3809a65c46ea
00.raw-materials/10.sources/images/WPHLoss/4.jpg,4.jpg,00.raw-materials/10.sources/images/WPHLoss,.jpg,图片,244749,2026-06-28T19:10:31,b9fe70fc6cf128dca80ad42c9bc5b2a659448c07208fb5d66dc8f368ff34ac25
00.raw-materials/20.metadata/dsp-dispatch-system-intro-rename-map.json,dsp-dispatch-system-intro-rename-map.json,00.raw-materials/20.metadata,.json,文本,8903,2026-07-04T01:45:38,8106a84246fe622a36878688633c3c1f5a61b0358d0f31e1a00b0e29d2bf4acd
00.raw-materials/20.metadata/DSP派工系统简介-资料卡.md,DSP派工系统简介-资料卡.md,00.raw-materials/20.metadata,.md,文本,1674,2026-07-04T17:10:30,31def56a016b5eb7809b5d557c5125d5d905091e5781de30037c0eaf47f4e747
00.raw-materials/20.metadata/资料登记模板.md,资料登记模板.md,00.raw-materials/20.metadata,.md,文本,622,2026-07-04T01:40:22,6ac9b9aea25f5a1456de7f6b07f42ce3a1513a2e497e99fa170fa19da7de552e
